{
  "dataset": "Stroke",
  "metric": "R2",
  "beta_label": "2^-5",
  "beta_value": 0.03125,
  "rmse": 2.831618706482454,
  "r2": 0.7374485731124878,
  "epochs": 25,
  "R": 38,
  "lr": 0.001,
  "n_predictions": 155
}