{
  "mean": 0.4608054309773353,
  "ci_low": 0.41802281224074234,
  "ci_high": 0.49985449926360925,
  "source": "computed"
}