{
  "mean": 0.5166228583755139,
  "ci_low": 0.47056009872855575,
  "ci_high": 0.5627841054452797,
  "source": "computed"
}