{
  "mean": 0.26207119646857635,
  "ci_low": 0.22234725286731158,
  "ci_high": 0.30591714603051984,
  "source": "computed"
}