{
  "mean": 0.4509140376283357,
  "ci_low": 0.40821889497158736,
  "ci_high": 0.4916535885820486,
  "source": "computed"
}