{
  "mean": 5.71777068544447,
  "ci_low": 5.2405132030653,
  "ci_high": 6.134418540312638,
  "source": "computed"
}