{
  "mean": 5.749816559892333,
  "ci_low": 4.998245987298579,
  "ci_high": 6.376606920088648,
  "source": "computed"
}