{
  "mean": 0.6797074675559998,
  "ci_low": 0.5743066042661666,
  "ci_high": 0.765443566441536,
  "source": "computed"
}