{
  "mean": 3.1275261396235075,
  "ci_low": 2.6474514252659933,
  "ci_high": 3.5315251665658822,
  "source": "computed"
}