{
  "mean": -0.18440532684326172,
  "ci_low": -0.4202864646911621,
  "ci_high": -0.024649459123611554,
  "source": "computed"
}