{
  "mean": 6.0141980348945685,
  "ci_low": 5.369084393500848,
  "ci_high": 6.567834664517896,
  "source": "computed"
}