{
  "mean": -0.07052898406982422,
  "ci_low": -0.35576588809490206,
  "ci_high": 0.09893872439861293,
  "source": "computed"
}